id,name,username,email,company
1,Leanne Graham,Bret,Sincere@april.biz,Romaguera-Crona
2,Ervin Howell,Antonette,Shanna@melissa.tv,Deckow-Crist
3,Clementine Bauch,Samantha,Nathan@yesenia.net,Romaguera-Jacobson
4,Patricia Lebsack,Karianne,Julianne.OConner@kory.org,Robel-Corkery
5,Chelsey Dietrich,Kamren,Lucio_Hettinger@annie.ca,Keebler LLC
6,Mrs. Dennis Schulist,Leopoldo_Corkery,Karley_Dach@jasper.info,Considine-Lockman
7,Kurtis Weissnat,Elwyn.Skiles,Telly.Hoeger@billy.biz,Johns Group
8,Nicholas Runolfsdottir V,Maxime_Nienow,Sherwood@rosamond.me,Abernathy Group
9,Glenna Reichert,Delphine,Chaim_McDermott@dana.io,Yost and Sons
10,Clementina DuBuque,Moriah.Stanton,Rey.Padberg@karina.biz,Hoeger LLC
